{
  "iconID": [
    {
      "grade": 0,
      "line": 0,
      "map": [
        3000
      ],
      "treasure": 2
    },
    {
      "condition": {
        "limit": 1
      },
      "grade": 1,
      "line": 1,
      "map": [
        3001
      ],
      "treasure": 2
    },
    {
      "condition": {
        "limit": 2
      },
      "grade": 2,
      "line": 2,
      "map": [
        3002
      ],
      "treasure": 2
    },
    {
      "condition": {
        "limit": 1
      },
      "grade": 0,
      "line": 3,
      "map": [
        20000
      ]
    },
    {
      "condition": {
        "limit": 2
      },
      "grade": 1,
      "line": 4,
      "map": [
        20001
      ]
    },
    {
      "condition": {
        "limit": 3
      },
      "grade": 2,
      "line": 5,
      "map": [
        20002
      ]
    },
    {
      "condition": {
        "limit": 1
      },
      "grade": 0,
      "line": 10,
      "map": [
        3003
      ],
      "treasure": 2
    },
    {
      "condition": {
        "limit": 4
      },
      "grade": 1,
      "line": 11,
      "map": [
        3004
      ],
      "treasure": 2
    },
    {
      "condition": {
        "limit": 5
      },
      "grade": 2,
      "line": 12,
      "map": [
        3005
      ],
      "treasure": 2
    },
    {
      "condition": {
        "limit": 4
      },
      "grade": 0,
      "line": 13,
      "map": [
        21000
      ]
    },
    {
      "condition": {
        "limit": 5
      },
      "grade": 1,
      "line": 14,
      "map": [
        21001
      ]
    },
    {
      "condition": {
        "limit": 4
      },
      "grade": 0,
      "line": 20,
      "map": [
        3006
      ],
      "treasure": 2
    },
    {
      "condition": {
        "limit": 7
      },
      "grade": 1,
      "line": 21,
      "map": [
        3007
      ],
      "treasure": 2
    },
    {
      "condition": {
        "limit": 8
      },
      "grade": 2,
      "line": 22,
      "map": [
        3008
      ],
      "treasure": 2
    },
    {
      "condition": {
        "limit": 9
      },
      "grade": 3,
      "line": 30,
      "map": [
        23000
      ]
    },
    {
      "condition": {
        "limit": 1
      },
      "grade": 2,
      "line": 101,
      "map": [
        48
      ],
      "star": 0
    },
    {
      "condition": {
        "limit": 1
      },
      "grade": 2,
      "line": 102,
      "map": [
        0,
        1,
        2,
        3,
        4,
        5,
        6,
        7,
        8,
        9,
        10,
        11,
        12,
        13,
        14,
        15,
        16,
        17,
        18,
        19,
        20,
        21,
        22,
        23,
        24,
        25,
        26,
        27,
        28,
        29,
        30,
        31,
        32,
        33,
        34,
        35,
        36,
        37,
        38,
        39,
        40,
        41,
        42,
        43,
        44,
        45,
        46,
        47,
        48
      ],
      "star": 1
    },
    {
      "condition": {
        "limit": 1
      },
      "grade": 2,
      "line": 103,
      "map": [
        0,
        1,
        2,
        3,
        4,
        5,
        6,
        7,
        8,
        9,
        10,
        11,
        12,
        13,
        14,
        15,
        16,
        17,
        18,
        19,
        20,
        21,
        22,
        23,
        24,
        25,
        26,
        27,
        28,
        29,
        30,
        31,
        32,
        33,
        34,
        35,
        36,
        37,
        38,
        39,
        40,
        41,
        42,
        43,
        44,
        45,
        46,
        47,
        48
      ],
      "star": 2
    },
    {
      "grade": 1,
      "line": 201,
      "map": [
        1014,
        -14018
      ]
    },
    {
      "grade": 1,
      "line": 202,
      "map": [
        1015,
        -14019
      ]
    },
    {
      "grade": 1,
      "line": 203,
      "map": [
        1016,
        -14020
      ]
    },
    {
      "condition": {
        "limit": 1
      },
      "grade": 1,
      "line": 204,
      "map": [
        1039,
        -14021
      ]
    },
    {
      "condition": {
        "limit": 1
      },
      "grade": 1,
      "line": 205,
      "map": [
        1043,
        -14022
      ]
    },
    {
      "condition": {
        "limit": 1
      },
      "grade": 1,
      "line": 206,
      "map": [
        1066,
        -14023
      ]
    },
    {
      "condition": {
        "limit": 1
      },
      "grade": 1,
      "line": 207,
      "map": [
        1096,
        -14035
      ]
    },
    {
      "condition": {
        "limit": 1
      },
      "grade": 1,
      "line": 208,
      "map": [
        1122,
        -14036
      ]
    },
    {
      "condition": {
        "limit": 4
      },
      "grade": 1,
      "line": 210,
      "map": [
        1157,
        -14049
      ]
    },
    {
      "condition": {
        "map": [
          48
        ]
      },
      "grade": 1,
      "line": 211,
      "map": [
        1189,
        -14037
      ]
    },
    {
      "condition": {
        "limit": 1
      },
      "grade": 2,
      "line": 250,
      "map": [
        1095,
        -14012
      ]
    },
    {
      "condition": {
        "limit": 1
      },
      "grade": 2,
      "line": 251,
      "map": [
        1117,
        -14013
      ]
    },
    {
      "condition": {
        "limit": 1
      },
      "grade": 2,
      "line": 252,
      "map": [
        1119,
        -14014
      ]
    },
    {
      "condition": {
        "limit": 1
      },
      "grade": 2,
      "line": 253,
      "map": [
        1128,
        -14015
      ]
    },
    {
      "condition": {
        "limit": 4
      },
      "grade": 2,
      "line": 254,
      "map": [
        1158,
        -14016
      ]
    },
    {
      "condition": {
        "limit": 4
      },
      "grade": 2,
      "line": 255,
      "map": [
        1177,
        -14017
      ]
    },
    {
      "condition": {
        "limit": 7
      },
      "grade": 2,
      "line": 256,
      "map": [
        1215,
        -14033
      ]
    },
    {
      "grade": 2,
      "line": 301,
      "map": [
        1017,
        -14024,
        1018,
        -14025,
        1019,
        -14026,
        1020,
        -14027,
        1021,
        -14028,
        1022,
        -14029,
        1023,
        -14030,
        1024,
        -14031,
        1025,
        -14032
      ]
    },
    {
      "condition": {
        "map": [
          1017,
          -14024,
          1018,
          -14025,
          1019,
          -14026,
          1020,
          -14027,
          1021,
          -14028,
          1022,
          -14029,
          1023,
          -14030,
          1024,
          -14031,
          1025,
          -14032
        ]
      },
      "grade": 2,
      "line": 302,
      "map": [
        1102,
        -14040,
        1103,
        -14041,
        1104,
        -14042,
        1105,
        -14043,
        1106,
        -14044,
        1107,
        -14045,
        1108,
        -14046,
        1109,
        -14047,
        1110,
        -14048
      ]
    },
    {
      "condition": {
        "limit": 4
      },
      "grade": 2,
      "line": 304,
      "map": [
        1130,
        1131,
        1132,
        1133,
        1134,
        1135,
        1136,
        1137,
        1138
      ]
    },
    {
      "grade": 0,
      "line": 350,
      "map": [
        1011
      ],
      "star": 0
    },
    {
      "grade": 0,
      "line": 351,
      "map": [
        1012
      ],
      "star": 0
    },
    {
      "grade": 0,
      "line": 352,
      "map": [
        1013
      ],
      "star": 0
    },
    {
      "grade": 0,
      "line": 353,
      "map": [
        1026
      ],
      "star": 0
    },
    {
      "grade": 0,
      "line": 354,
      "map": [
        1029
      ],
      "star": 0
    },
    {
      "grade": 0,
      "line": 355,
      "map": [
        1030
      ],
      "star": 0
    },
    {
      "grade": 0,
      "line": 356,
      "map": [
        1031
      ],
      "star": 0
    },
    {
      "grade": 0,
      "line": 357,
      "map": [
        1032
      ],
      "star": 0
    },
    {
      "grade": 0,
      "line": 358,
      "map": [
        1036
      ],
      "star": 0
    },
    {
      "grade": 0,
      "line": 359,
      "map": [
        1038
      ],
      "star": 0
    },
    {
      "grade": 0,
      "line": 360,
      "map": [
        1009
      ],
      "star": 0
    },
    {
      "grade": 0,
      "line": 361,
      "map": [
        1010
      ],
      "star": 0
    },
    {
      "condition": {
        "map": [
          7000
        ],
        "stage": 28
      },
      "grade": 2,
      "line": 401,
      "map": [
        7000
      ],
      "stage": 29
    },
    {
      "condition": {
        "map": [
          7000
        ],
        "stage": 38
      },
      "grade": 3,
      "line": 402,
      "map": [
        7000
      ],
      "stage": 39
    },
    {
      "condition": {
        "map": [
          16000
        ],
        "stage": 46
      },
      "grade": 3,
      "line": 450,
      "map": [
        16000
      ]
    },
    {
      "grade": 0,
      "line": 600,
      "action": 0,
      "count": 1000000
    },
    {
      "grade": 0,
      "line": 601,
      "action": 0,
      "count": 5000000
    },
    {
      "grade": 0,
      "line": 602,
      "action": 0,
      "count": 10000000
    },
    {
      "grade": 0,
      "line": 603,
      "action": 0,
      "count": 50000000
    },
    {
      "grade": 0,
      "line": 604,
      "action": 0,
      "count": 100000000
    },
    {
      "grade": 0,
      "line": 605,
      "action": 0,
      "count": 200000000
    },
    {
      "grade": 0,
      "line": 701,
      "action": 1,
      "count": 1000
    },
    {
      "grade": 1,
      "line": 751,
      "action": 2,
      "count": 5
    },
    {
      "grade": 1,
      "line": 801,
      "action": 3,
      "count": 1000
    },
    {
      "grade": 1,
      "line": 851,
      "action": 4,
      "count": 1
    },
    {
      "condition": {
        "limit": 1
      },
      "grade": 2,
      "line": 901,
      "chara": 1113
    },
    {
      "condition": {
        "map": [
          17
        ]
      },
      "grade": 2,
      "line": 902,
      "chara": 1118
    },
    {
      "condition": {
        "map": [
          22
        ]
      },
      "grade": 2,
      "line": 903,
      "chara": 1131
    },
    {
      "condition": {
        "map": [
          27
        ]
      },
      "grade": 2,
      "line": 904,
      "chara": 1139
    },
    {
      "condition": {
        "map": [
          36
        ]
      },
      "grade": 2,
      "line": 905,
      "chara": 1157
    },
    {
      "condition": {
        "map": [
          48
        ]
      },
      "grade": 2,
      "line": 906,
      "chara": 1042
    },
    {
      "condition": {
        "map": [
          1117,
          -14013
        ]
      },
      "grade": 3,
      "line": 260,
      "map": [
        1217
      ]
    },
    {
      "condition": {
        "map": [
          1119,
          -14014
        ]
      },
      "grade": 3,
      "line": 262,
      "map": [
        1220
      ]
    },
    {
      "condition": {
        "map": [
          1128,
          -14015
        ]
      },
      "grade": 3,
      "line": 261,
      "map": [
        1219
      ]
    },
    {
      "condition": {
        "limit": 4
      },
      "grade": 3,
      "line": 257,
      "map": [
        1226,
        -14039
      ]
    },
    {
      "condition": {
        "map": [
          13011
        ]
      },
      "grade": 2,
      "line": 907,
      "chara": 1049
    },
    {
      "condition": {
        "map": [
          1017,
          -14024,
          1018,
          -14025,
          1019,
          -14026,
          1020,
          -14027,
          1021,
          -14028,
          1022,
          -14029,
          1023,
          -14030,
          1024,
          -14031,
          1025,
          -14032
        ]
      },
      "grade": 3,
      "line": 303,
      "map": [
        1208
      ]
    },
    {
      "condition": {
        "map": [
          1158,
          -14016
        ]
      },
      "grade": 3,
      "line": 263,
      "map": [
        1229
      ]
    },
    {
      "condition": {
        "limit": 6
      },
      "grade": 2,
      "line": 15,
      "map": [
        21002
      ]
    },
    {
      "condition": {
        "map": [
          1095,
          -14012
        ]
      },
      "grade": 3,
      "line": 264,
      "map": [
        1231
      ]
    },
    {
      "condition": {
        "map": [
          1177,
          -14017
        ]
      },
      "grade": 3,
      "line": 265,
      "map": [
        1232
      ]
    },
    {
      "condition": {
        "map": [
          7000
        ],
        "stage": 48
      },
      "grade": 3,
      "line": 403,
      "map": [
        7000
      ],
      "stage": 49
    },
    {
      "condition": {
        "map": [
          1013,
          1026,
          1029
        ]
      },
      "grade": 2,
      "line": 380,
      "map": [
        1234
      ]
    },
    {
      "condition": {
        "map": [
          1030,
          1031,
          1032
        ]
      },
      "grade": 2,
      "line": 381,
      "map": [
        1235
      ]
    },
    {
      "condition": {
        "map": [
          1036,
          1038,
          1009
        ]
      },
      "grade": 2,
      "line": 382,
      "map": [
        1236
      ]
    },
    {
      "condition": {
        "map": [
          1010,
          1011,
          1012
        ]
      },
      "grade": 2,
      "line": 383,
      "map": [
        1237
      ]
    },
    {
      "condition": {
        "map": [
          1009,
          1010,
          1011,
          1012,
          1013,
          1026,
          1029,
          1030,
          1031,
          1032,
          1036,
          1038
        ]
      },
      "grade": 3,
      "line": 384,
      "medal": [
        80,
        81,
        82,
        83
      ]
    },
    {
      "condition": {
        "limit": 1
      },
      "grade": 3,
      "line": 104,
      "map": [
        0,
        1,
        2,
        3,
        4,
        5,
        6,
        7,
        8,
        9,
        10,
        11,
        12,
        13,
        14,
        15,
        16,
        17,
        18,
        19,
        20,
        21,
        22,
        23,
        24,
        25,
        26,
        27,
        28,
        29,
        30,
        31,
        32,
        33,
        34,
        35,
        36,
        37,
        38,
        39,
        40,
        41,
        42,
        43,
        44,
        45,
        46,
        47,
        48
      ],
      "star": 3
    },
    {
      "condition": {
        "map": [
          48
        ],
        "star": 3
      },
      "grade": 3,
      "line": 105,
      "map": [
        4026
      ]
    },
    {
      "condition": {
        "map": [
          13000
        ]
      },
      "grade": 3,
      "line": 258,
      "map": [
        1246
      ]
    },
    {
      "condition": {
        "map": [
          13020
        ]
      },
      "grade": 2,
      "line": 908,
      "chara": 1054
    },
    {
      "condition": {
        "limit": 3
      },
      "grade": 1,
      "line": 209,
      "map": [
        1259,
        -14038
      ]
    },
    {
      "condition": {
        "map": [
          1268
        ]
      },
      "grade": 2,
      "line": 6,
      "map": [
        4042
      ],
      "stage": 0
    },
    {
      "condition": {
        "map": [
          1268
        ]
      },
      "grade": 3,
      "line": 259,
      "map": [
        1272
      ]
    },
    {
      "condition": {
        "map": [
          1268
        ]
      },
      "grade": 3,
      "line": 266,
      "map": [
        1273
      ]
    },
    {
      "condition": {
        "map": [
          7000
        ],
        "stage": 39
      },
      "grade": 2,
      "line": 404,
      "map": [
        7006
      ],
      "stage": 29
    },
    {
      "condition": {
        "limit": 7
      },
      "grade": 0,
      "line": 23,
      "map": [
        22000
      ]
    },
    {
      "condition": {
        "map": [
          13035
        ]
      },
      "grade": 2,
      "line": 909,
      "chara": 1058
    },
    {
      "condition": {
        "limit": 3
      },
      "grade": 3,
      "line": 500,
      "map": [
        24020
      ]
    },
    {
      "condition": {
        "limit": 3
      },
      "grade": 3,
      "line": 501,
      "map": [
        24027
      ]
    },
    {
      "condition": {
        "limit": 3
      },
      "grade": 3,
      "line": 502,
      "map": [
        24034
      ]
    },
    {
      "condition": {
        "limit": 3
      },
      "grade": 3,
      "line": 503,
      "map": [
        24035
      ]
    },
    {
      "condition": {
        "limit": 3
      },
      "grade": 3,
      "line": 504,
      "map": [
        24038
      ]
    },
    {
      "condition": {
        "limit": 3
      },
      "grade": 3,
      "line": 505,
      "map": [
        24037
      ]
    },
    {
      "condition": {
        "map": [
          7006
        ],
        "stage": 29
      },
      "grade": 3,
      "line": 405,
      "map": [
        7006
      ],
      "stage": 39
    },
    {
      "condition": {
        "map": [
          48
        ]
      },
      "grade": 2,
      "line": 106,
      "map": [
        13048
      ],
      "star": 0
    },
    {
      "condition": {
        "map": [
          13048
        ]
      },
      "grade": 2,
      "line": 910,
      "chara": 1062
    },
    {
      "condition": {
        "limit": 4
      },
      "grade": 3,
      "line": 267,
      "map": [
        1340
      ]
    },
    {
      "condition": {
        "map": [
          13048
        ]
      },
      "grade": 2,
      "line": 107,
      "map": [
        13000,
        13001,
        13002,
        13003,
        13004,
        13005,
        13006,
        13007,
        13008,
        13009,
        13010,
        13011,
        13012,
        13013,
        13014,
        13015,
        13016,
        13017,
        13018,
        13019,
        13020,
        13021,
        13022,
        13023,
        13024,
        13025,
        13026,
        13027,
        13028,
        13029,
        13030,
        13031,
        13032,
        13033,
        13034,
        13035,
        13036,
        13037,
        13038,
        13039,
        13040,
        13041,
        13042,
        13043,
        13044,
        13045,
        13046,
        13047,
        13048
      ],
      "star": 1
    },
    {
      "condition": {
        "limit": 3
      },
      "grade": 3,
      "line": 506,
      "map": [
        24061
      ]
    },
    {
      "condition": {
        "map": [
          1226,
          -14039
        ]
      },
      "grade": 3,
      "line": 268,
      "map": [
        1348
      ]
    },
    {
      "condition": {
        "limit": 8
      },
      "grade": 1,
      "line": 24,
      "map": [
        22001
      ]
    },
    {
      "condition": {
        "map": [
          13048
        ]
      },
      "grade": 2,
      "line": 108,
      "map": [
        13000,
        13001,
        13002,
        13003,
        13004,
        13005,
        13006,
        13007,
        13008,
        13009,
        13010,
        13011,
        13012,
        13013,
        13014,
        13015,
        13016,
        13017,
        13018,
        13019,
        13020,
        13021,
        13022,
        13023,
        13024,
        13025,
        13026,
        13027,
        13028,
        13029,
        13030,
        13031,
        13032,
        13033,
        13034,
        13035,
        13036,
        13037,
        13038,
        13039,
        13040,
        13041,
        13042,
        13043,
        13044,
        13045,
        13046,
        13047,
        13048
      ],
      "star": 2
    },
    {
      "condition": {
        "limit": 3
      },
      "grade": 3,
      "line": 550,
      "map": [
        31002
      ],
      "stage": 19
    },
    {
      "condition": {
        "limit": 3
      },
      "grade": 3,
      "line": 305,
      "map": [
        1350,
        1351,
        1352,
        1353,
        1354,
        1355,
        1356,
        1357,
        1358
      ]
    },
    {
      "condition": {
        "map": [
          7006
        ],
        "stage": 39
      },
      "grade": 3,
      "line": 406,
      "map": [
        7006
      ],
      "stage": 49
    },
    {
      "condition": {
        "map": [
          13048
        ]
      },
      "grade": 2,
      "line": 911,
      "chara": 1068
    },
    {
      "condition": {
        "limit": 3
      },
      "grade": 3,
      "line": 507,
      "map": [
        24065
      ]
    },
    {
      "condition": {
        "map": [
          1350,
          1351,
          1352,
          1353,
          1354,
          1355,
          1356,
          1357,
          1358
        ]
      },
      "grade": 3,
      "line": 306,
      "map": [
        1376
      ]
    },
    {
      "condition": {
        "map": [
          13048
        ]
      },
      "grade": 3,
      "line": 109,
      "map": [
        13000,
        13001,
        13002,
        13003,
        13004,
        13005,
        13006,
        13007,
        13008,
        13009,
        13010,
        13011,
        13012,
        13013,
        13014,
        13015,
        13016,
        13017,
        13018,
        13019,
        13020,
        13021,
        13022,
        13023,
        13024,
        13025,
        13026,
        13027,
        13028,
        13029,
        13030,
        13031,
        13032,
        13033,
        13034,
        13035,
        13036,
        13037,
        13038,
        13039,
        13040,
        13041,
        13042,
        13043,
        13044,
        13045,
        13046,
        13047,
        13048
      ],
      "star": 3
    },
    {
      "condition": {
        "map": [
          13048
        ],
        "star": 3
      },
      "grade": 3,
      "line": 110,
      "map": [
        4069
      ]
    },
    {
      "condition": {
        "map": [
          1278
        ]
      },
      "grade": 3,
      "line": 269,
      "map": [
        1391
      ]
    },
    {
      "condition": {
        "limit": 6
      },
      "grade": 3,
      "line": 451,
      "map": [
        33000
      ]
    }
  ]
}
